{
    "values": {
        "minecraft:player": {
            "minecraft:generic.max_health": 16.0,
            "minecraft:generic.attack_damage": 2.0,
            "minecraft:generic.attack_speed": 3.6,
            "minecraft:generic.attack_knockback": 0.25,
            "minecraft:generic.armor": 2.0,
            "minecraft:generic.armor_toughness": 1.0,
            "minecraft:generic.movement_speed": 0.12,
            "minecraft:generic.knockback_resistance": 0.12
        },
        "minecraft:zombie": {
            "minecraft:generic.max_health": 30.0,
            "minecraft:generic.attack_damage": 2.0,
            "minecraft:generic.attack_knockback": 0.25,
            "minecraft:generic.armor": 2.0,
            "minecraft:generic.armor_toughness": 1.0,
            "minecraft:generic.movement_speed": 0.3,
            "minecraft:generic.follow_range": 64.0,
            "minecraft:generic.knockback_resistance": 0.15
        },
        "minecraft:husk": {
            "minecraft:generic.max_health": 30.0,
            "minecraft:generic.attack_damage": 2.5,
            "minecraft:generic.attack_knockback": 0.25,
            "minecraft:generic.armor": 3.0,
            "minecraft:generic.armor_toughness": 1.0,
            "minecraft:generic.movement_speed": 0.28,
            "minecraft:generic.follow_range": 64.0,
            "minecraft:generic.knockback_resistance": 0.2
        },
        "minecraft:drowned": {
            "minecraft:generic.max_health": 32.0,
            "minecraft:generic.attack_damage": 3.5,
            "minecraft:generic.armor": 2.0,
            "minecraft:generic.attack_knockback": 0.25,
            "minecraft:generic.armor_toughness": 1.0,
            "minecraft:generic.movement_speed": 0.25,
            "minecraft:generic.follow_range": 64.0,
            "minecraft:generic.knockback_resistance": 0.1
        },
        "minecraft:enderman": {
            "minecraft:generic.max_health": 60.0,
            "minecraft:generic.attack_damage": 8.0,
            "minecraft:generic.attack_knockback": 0.35,
            "minecraft:generic.armor_toughness": 1.0,
            "minecraft:generic.movement_speed": 0.37,
            "minecraft:generic.follow_range": 48.0,
            "minecraft:generic.knockback_resistance": 0.3
        },
        "minecraft:pillager": {
            "minecraft:generic.max_health": 35.0,
            "minecraft:generic.attack_damage": 4.0,
            "minecraft:generic.attack_knockback": 0.25,
            "minecraft:generic.armor_toughness": 1.0,
            "minecraft:generic.movement_speed": 0.23,
            "minecraft:generic.follow_range": 48.0,
            "minecraft:generic.knockback_resistance": 0.2
        },
        "minecraft:evoker": {
            "minecraft:generic.max_health": 37.0,
            "minecraft:generic.attack_damage": 4.0,
            "minecraft:generic.attack_knockback": 0.25,
            "minecraft:generic.armor_toughness": 1.0,
            "minecraft:generic.movement_speed": 0.24,
            "minecraft:generic.follow_range": 48.0,
            "minecraft:generic.knockback_resistance": 0.1
        },
        "minecraft:vindicator": {
            "minecraft:generic.max_health": 39.0,
            "minecraft:generic.attack_damage": 3.0,
            "minecraft:generic.attack_knockback": 0.25,
            "minecraft:generic.armor": 5.0,
            "minecraft:generic.armor_toughness": 1.0,
            "minecraft:generic.movement_speed": 0.26,
            "minecraft:generic.follow_range": 64.0,
            "minecraft:generic.knockback_resistance": 0.3
        },
        "minecraft:witch": {
            "minecraft:generic.max_health": 28.0,
            "minecraft:generic.attack_damage": 2.0,
            "minecraft:generic.armor_toughness": 1.0,
            "minecraft:generic.movement_speed": 0.24,
            "minecraft:generic.follow_range": 48.0,
            "minecraft:generic.knockback_resistance": 0.1
        },
        "minecraft:villager": {
            "minecraft:generic.max_health": 25.0,
            "minecraft:generic.armor_toughness": 1.0,
            "minecraft:generic.movement_speed": 0.27,
            "minecraft:generic.knockback_resistance": 0.1
        },
        "minecraft:chicken": {
            "minecraft:generic.max_health": 6.0,
            "minecraft:generic.armor_toughness": 1.0,
            "minecraft:generic.movement_speed": 0.32
        },
        "minecraft:pig": {
            "minecraft:generic.max_health": 16.0,
            "minecraft:generic.armor_toughness": 1.0,
            "minecraft:generic.movement_speed": 0.28,
            "minecraft:generic.knockback_resistance": 0.1
        },
        "minecraft:cow": {
            "minecraft:generic.max_health": 18.0,
            "minecraft:generic.armor": 1.0,
            "minecraft:generic.armor_toughness": 1.0,
            "minecraft:generic.movement_speed": 0.29,
            "minecraft:generic.knockback_resistance": 0.15
        },
        "minecraft:sheep": {
            "minecraft:generic.max_health": 13.0,
            "minecraft:generic.armor": 1.0,
            "minecraft:generic.armor_toughness": 1.0,
            "minecraft:generic.movement_speed": 0.28,
            "minecraft:generic.knockback_resistance": 0.2
        },
        "minecraft:llama": {
            "minecraft:generic.max_health": 24.0,
            "minecraft:generic.armor_toughness": 1.0,
            "minecraft:generic.movement_speed": 0.24,
            "minecraft:generic.follow_range": 48.0,
            "minecraft:generic.knockback_resistance": 0.1
        },
        "minecraft:trader_llama": {
            "minecraft:generic.max_health": 24.0,
            "minecraft:generic.armor": 3.0,
            "minecraft:generic.armor_toughness": 2.0,
            "minecraft:generic.movement_speed": 0.29,
            "minecraft:generic.follow_range": 48.0,
            "minecraft:generic.knockback_resistance": 0.15
        },
        "minecraft:parrot": {
            "minecraft:generic.max_health": 5.0,
            "minecraft:generic.armor_toughness": 1.0,
            "minecraft:generic.flying_speed": 0.6,
            "minecraft:generic.movement_speed": 0.25
        },
        "minecraft:bee": {
            "minecraft:generic.max_health": 10.0,
            "minecraft:generic.armor": 2.0,
            "minecraft:generic.armor_toughness": 1.0,
            "minecraft:generic.flying_speed": 0.8,
            "minecraft:generic.movement_speed": 0.25
        },
        "minecraft:axolotl": {
            "minecraft:generic.max_health": 12.0,
            "minecraft:generic.armor": 2.0,
            "minecraft:generic.armor_toughness": 1.0,
            "minecraft:generic.movement_speed": 0.22
        },
        "minecraft:warden": {
            "minecraft:generic.max_health": 650.0,
            "minecraft:generic.attack_damage": 50.0,
            "minecraft:generic.attack_knockback": 1.5,
            "minecraft:generic.armor": 4.0,
            "minecraft:generic.armor_toughness": 1.0,
            "minecraft:generic.movement_speed": 0.35,
            "minecraft:generic.follow_range": 32.0,
            "minecraft:generic.knockback_resistance": 0.95
        },
        "minecraft:ravager": {
            "minecraft:generic.max_health": 130.0,
            "minecraft:generic.attack_damage": 22.0,
            "minecraft:generic.attack_knockback": 1.5,
            "minecraft:generic.armor": 4.0,
            "minecraft:generic.armor_toughness": 1.0,
            "minecraft:generic.movement_speed": 0.33,
            "minecraft:generic.follow_range": 48.0,
            "minecraft:generic.knockback_resistance": 0.85
        },
        "minecraft:wither": {
            "minecraft:generic.max_health": 1300.0,
            "minecraft:generic.attack_damage": 22.0,
            "minecraft:generic.attack_knockback": 1.5,
            "minecraft:generic.armor": 1.0,
            "minecraft:generic.armor_toughness": 1.0,
            "minecraft:generic.movement_speed": 0.2,
            "minecraft:generic.follow_range": 64.0,
            "minecraft:generic.knockback_resistance": 1.0
        },
        "minecraft:ender_dragon": {
            "minecraft:generic.max_health": 850.0,
            "minecraft:generic.attack_damage": 22.0,
            "minecraft:generic.attack_knockback": 1.5,
            "minecraft:generic.armor": 10.0,
            "minecraft:generic.armor_toughness": 1.0,
            "minecraft:generic.movement_speed": 0.33,
            "minecraft:generic.follow_range": 64.0,
            "minecraft:generic.knockback_resistance": 1.0
        }
    }
}