{
    "values": {
        "minecraft:illusioner": {
            "minecraft:generic.max_health": 35.0,
            "minecraft:generic.attack_damage": 2.0,
            "minecraft:generic.follow_range": 64.0,
            "minecraft:generic.knockback_resistance": 0.1
        },
        "minecraft:giant": {
            "minecraft:generic.max_health": 260.0,
            "minecraft:generic.attack_damage": 43.0,
            "minecraft:generic.attack_knockback": 0.25,
            "minecraft:generic.armor": 2.0,
            "minecraft:generic.armor_toughness": 1.0,
            "minecraft:generic.movement_speed": 0.3,
            "minecraft:generic.follow_range": 64.0,
            "minecraft:generic.knockback_resistance": 0.15
        },
        "minecraft:zombie": {
            "minecraft:generic.max_health": 30.0,
            "minecraft:generic.attack_damage": 2.0,
            "minecraft:generic.attack_knockback": 0.25,
            "minecraft:generic.armor": 2.0,
            "minecraft:generic.armor_toughness": 1.0,
            "minecraft:generic.movement_speed": 0.35,
            "minecraft:generic.follow_range": 64.0,
            "minecraft:generic.knockback_resistance": 0.15
        },
        "minecraft:husk": {
            "minecraft:generic.max_health": 30.0,
            "minecraft:generic.attack_damage": 2.5,
            "minecraft:generic.attack_knockback": 0.25,
            "minecraft:generic.armor": 3.0,
            "minecraft:generic.armor_toughness": 1.0,
            "minecraft:generic.movement_speed": 0.33,
            "minecraft:generic.follow_range": 64.0,
            "minecraft:generic.knockback_resistance": 0.2
        },
        "minecraft:skeleton": {
            "minecraft:generic.max_health": 30.0,
            "minecraft:generic.attack_damage": 2.5,
            "minecraft:generic.attack_knockback": 0.25,
            "minecraft:generic.movement_speed": 0.29,
            "minecraft:generic.follow_range": 64.0
        },
        "minecraft:wither_skeleton": {
            "minecraft:generic.max_health": 32.0,
            "minecraft:generic.attack_damage": 2.5,
            "minecraft:generic.attack_knockback": 0.25,
            "minecraft:generic.movement_speed": 0.29,
            "minecraft:generic.follow_range": 64.0
        },
        "minecraft:stray": {
            "minecraft:generic.max_health": 31.0,
            "minecraft:generic.attack_damage": 2.5,
            "minecraft:generic.armor": 1.0,
            "minecraft:generic.attack_knockback": 0.25,
            "minecraft:generic.movement_speed": 0.2,
            "minecraft:generic.follow_range": 64.0
        },
        "minecraft:drowned": {
            "minecraft:generic.max_health": 32.0,
            "minecraft:generic.attack_damage": 3.5,
            "minecraft:generic.armor": 2.0,
            "minecraft:generic.attack_knockback": 0.25,
            "minecraft:generic.armor_toughness": 1.0,
            "minecraft:generic.movement_speed": 0.35,
            "minecraft:generic.follow_range": 64.0,
            "minecraft:generic.knockback_resistance": 0.1
        },
        "minecraft:zombified_piglin": {
            "minecraft:generic.max_health": 32.0,
            "minecraft:generic.attack_damage": 3.0,
            "minecraft:generic.attack_knockback": 0.25,
            "minecraft:generic.armor": 2.0,
            "minecraft:generic.armor_toughness": 1.0,
            "minecraft:generic.movement_speed": 0.36,
            "minecraft:generic.follow_range": 64.0,
            "minecraft:generic.knockback_resistance": 0.15
        },
        "minecraft:piglin": {
            "minecraft:generic.max_health": 28.0,
            "minecraft:generic.attack_damage": 3.0,
            "minecraft:generic.attack_knockback": 0.25,
            "minecraft:generic.armor": 1.0,
            "minecraft:generic.movement_speed": 0.38,
            "minecraft:generic.follow_range": 64.0,
            "minecraft:generic.knockback_resistance": 0.15
        },
        "minecraft:hoglin": {
            "minecraft:generic.max_health": 60.0,
            "minecraft:generic.attack_damage": 13.0,
            "minecraft:generic.attack_knockback": 0.75,
            "minecraft:generic.armor": 2.0,
            "minecraft:generic.armor_toughness": 1.0,
            "minecraft:generic.movement_speed": 0.33,
            "minecraft:generic.follow_range": 64.0,
            "minecraft:generic.knockback_resistance": 0.15
        },
        "minecraft:zoglin": {
            "minecraft:generic.max_health": 60.0,
            "minecraft:generic.attack_damage": 13.0,
            "minecraft:generic.attack_knockback": 0.75,
            "minecraft:generic.armor": 2.0,
            "minecraft:generic.armor_toughness": 1.0,
            "minecraft:generic.movement_speed": 0.33,
            "minecraft:generic.follow_range": 64.0,
            "minecraft:generic.knockback_resistance": 0.15
        },
        "minecraft:enderman": {
            "minecraft:generic.max_health": 60.0,
            "minecraft:generic.attack_damage": 12.0,
            "minecraft:generic.attack_knockback": 0.35,
            "minecraft:generic.armor_toughness": 1.0,
            "minecraft:generic.movement_speed": 0.39,
            "minecraft:generic.follow_range": 48.0,
            "minecraft:generic.knockback_resistance": 0.3
        },
        "minecraft:slime": {
            "minecraft:generic.max_health": 22.0,
            "minecraft:generic.attack_damage": 3.5,
            "minecraft:generic.movement_speed": 0.33,
            "minecraft:generic.follow_range": 64.0
        },
        "minecraft:magma_cube": {
            "minecraft:generic.max_health": 22.0,
            "minecraft:generic.attack_damage": 3.5,
            "minecraft:generic.movement_speed": 0.33,
            "minecraft:generic.follow_range": 64.0
        },
        "minecraft:phantom": {
            "minecraft:generic.max_health": 22.0,
            "minecraft:generic.attack_damage": 4,
            "minecraft:generic.movement_speed": 0.28,
            "minecraft:generic.flying_speed": 1.2,
            "minecraft:generic.follow_range": 64.0
        },
        "minecraft:vex": {
            "minecraft:generic.max_health": 18.0,
            "minecraft:generic.attack_damage": 9.5,
            "minecraft:generic.movement_speed": 0.28,
            "minecraft:generic.flying_speed": 1.0,
            "minecraft:generic.follow_range": 64.0
        },
        "minecraft:pillager": {
            "minecraft:generic.max_health": 35.0,
            "minecraft:generic.attack_damage": 4.0,
            "minecraft:generic.attack_knockback": 0.25,
            "minecraft:generic.armor_toughness": 1.0,
            "minecraft:generic.movement_speed": 0.31,
            "minecraft:generic.follow_range": 48.0,
            "minecraft:generic.knockback_resistance": 0.2
        },
        "minecraft:evoker": {
            "minecraft:generic.max_health": 37.0,
            "minecraft:generic.attack_damage": 4.0,
            "minecraft:generic.attack_knockback": 0.25,
            "minecraft:generic.armor_toughness": 1.0,
            "minecraft:generic.movement_speed": 0.27,
            "minecraft:generic.follow_range": 48.0,
            "minecraft:generic.knockback_resistance": 0.1
        },
        "minecraft:vindicator": {
            "minecraft:generic.max_health": 39.0,
            "minecraft:generic.attack_damage": 3.0,
            "minecraft:generic.attack_knockback": 0.25,
            "minecraft:generic.armor": 5.0,
            "minecraft:generic.armor_toughness": 1.0,
            "minecraft:generic.movement_speed": 0.41,
            "minecraft:generic.follow_range": 64.0,
            "minecraft:generic.knockback_resistance": 0.3
        },
        "minecraft:witch": {
            "minecraft:generic.max_health": 28.0,
            "minecraft:generic.attack_damage": 2.0,
            "minecraft:generic.armor_toughness": 1.0,
            "minecraft:generic.movement_speed": 0.29,
            "minecraft:generic.follow_range": 48.0,
            "minecraft:generic.knockback_resistance": 0.1
        },
        "minecraft:villager": {
            "minecraft:generic.max_health": 25.0,
            "minecraft:generic.armor_toughness": 1.0,
            "minecraft:generic.movement_speed": 0.27,
            "minecraft:generic.knockback_resistance": 0.1
        },
        "minecraft:wandering_trader": {
            "minecraft:generic.max_health": 26.0,
            "minecraft:generic.armor_toughness": 1.0,
            "minecraft:generic.armor": 2.0,
            "minecraft:generic.movement_speed": 0.27,
            "minecraft:generic.knockback_resistance": 0.1
        },
        "minecraft:chicken": {
            "minecraft:generic.max_health": 6.0,
            "minecraft:generic.armor_toughness": 1.0,
            "minecraft:generic.movement_speed": 0.32
        },
        "minecraft:pig": {
            "minecraft:generic.max_health": 16.0,
            "minecraft:generic.armor_toughness": 1.0,
            "minecraft:generic.movement_speed": 0.28,
            "minecraft:generic.knockback_resistance": 0.1
        },
        "minecraft:cow": {
            "minecraft:generic.max_health": 18.0,
            "minecraft:generic.armor": 1.0,
            "minecraft:generic.armor_toughness": 1.0,
            "minecraft:generic.movement_speed": 0.29,
            "minecraft:generic.knockback_resistance": 0.15
        },
        "minecraft:mooshroom": {
            "minecraft:generic.max_health": 18.0,
            "minecraft:generic.armor": 1.0,
            "minecraft:generic.armor_toughness": 1.0,
            "minecraft:generic.movement_speed": 0.29,
            "minecraft:generic.knockback_resistance": 0.15
        },
        "minecraft:sheep": {
            "minecraft:generic.max_health": 13.0,
            "minecraft:generic.armor": 1.0,
            "minecraft:generic.armor_toughness": 1.0,
            "minecraft:generic.movement_speed": 0.28,
            "minecraft:generic.knockback_resistance": 0.2
        },
        "minecraft:llama": {
            "minecraft:generic.max_health": 24.0,
            "minecraft:generic.armor_toughness": 1.0,
            "minecraft:generic.movement_speed": 0.24,
            "minecraft:generic.follow_range": 48.0,
            "minecraft:generic.knockback_resistance": 0.1
        },
        "minecraft:trader_llama": {
            "minecraft:generic.max_health": 24.0,
            "minecraft:generic.armor": 3.0,
            "minecraft:generic.armor_toughness": 2.0,
            "minecraft:generic.movement_speed": 0.29,
            "minecraft:generic.follow_range": 48.0,
            "minecraft:generic.knockback_resistance": 0.15
        },
        "minecraft:parrot": {
            "minecraft:generic.max_health": 5.0,
            "minecraft:generic.armor_toughness": 1.0,
            "minecraft:generic.flying_speed": 0.6,
            "minecraft:generic.movement_speed": 0.25
        },
        "minecraft:bee": {
            "minecraft:generic.max_health": 10.0,
            "minecraft:generic.armor": 2.0,
            "minecraft:generic.armor_toughness": 1.0,
            "minecraft:generic.flying_speed": 0.8,
            "minecraft:generic.movement_speed": 0.25
        },
        "minecraft:turtle": {
            "minecraft:generic.max_health": 25.0,
            "minecraft:generic.armor": 8.0,
            "minecraft:generic.armor_toughness": 1.0,
            "minecraft:generic.movement_speed": 0.15
        },
        "minecraft:cod": {
            "minecraft:generic.max_health": 9.0,
            "minecraft:generic.movement_speed": 0.22
        },
        "minecraft:salmon": {
            "minecraft:generic.max_health": 9.0,
            "minecraft:generic.movement_speed": 0.22
        },
        "minecraft:tropical_fish": {
            "minecraft:generic.max_health": 9.0,
            "minecraft:generic.movement_speed": 0.23
        },
        "minecraft:squid": {
            "minecraft:generic.max_health": 18.0,
            "minecraft:generic.movement_speed": 0.22
        },
        "minecraft:spider": {
            "minecraft:generic.max_health": 18.0,
            "minecraft:generic.movement_speed": 0.32,
            "minecraft:generic.follow_range": 64,
            "minecraft:generic.attack_damage": 4.5
        },
        "minecraft:cave_spider": {
            "minecraft:generic.max_health": 14.0,
            "minecraft:generic.movement_speed": 0.37,
            "minecraft:generic.attack_damage": 4.5,
            "minecraft:generic.follow_range": 64
        },
        "minecraft:silverfish": {
            "minecraft:generic.max_health": 12.0,
            "minecraft:generic.follow_range": 64,
            "minecraft:generic.movement_speed": 0.28
        },
        "minecraft:endermite": {
            "minecraft:generic.max_health": 13.0,
            "minecraft:generic.follow_range": 64,
            "minecraft:generic.movement_speed": 0.29
        },
        "minecraft:guardian": {
            "minecraft:generic.max_health": 45.0,
            "minecraft:generic.attack_damage": 6.0,
            "minecraft:generic.movement_speed": 0.25,
            "minecraft:generic.follow_range": 64.0,
            "minecraft:generic.knockback_resistance": 0.1
        },
        "minecraft:elder_guardian": {
            "minecraft:generic.max_health": 120.0,
            "minecraft:generic.attack_damage": 11.0,
            "minecraft:generic.movement_speed": 0.25,
            "minecraft:generic.follow_range": 64.0,
            "minecraft:generic.knockback_resistance": 0.3
        },
        "minecraft:wolf": {
            "minecraft:generic.max_health": 24.0,
            "minecraft:generic.attack_damage": 4.0,
            "minecraft:generic.attack_knockback": 0.25,
            "minecraft:generic.movement_speed": 0.35,
            "minecraft:generic.follow_range": 64.0,
            "minecraft:generic.knockback_resistance": 0.05
        },
        "minecraft:fox": {
            "minecraft:generic.max_health": 18.0,
            "minecraft:generic.attack_damage": 4.5,
            "minecraft:generic.attack_knockback": 0.25,
            "minecraft:generic.movement_speed": 0.31,
            "minecraft:generic.follow_range": 64.0,
            "minecraft:generic.knockback_resistance": 0.05
        },
        "minecraft:creeper": {
            "minecraft:generic.max_health": 28.0,
            "minecraft:generic.follow_range": 64,
            "minecraft:generic.movement_speed": 0.33
        },
        "minecraft:axolotl": {
            "minecraft:generic.max_health": 12.0,
            "minecraft:generic.armor": 2.0,
            "minecraft:generic.armor_toughness": 1.0,
            "minecraft:generic.movement_speed": 0.22
        },
        "minecraft:warden": {
            "minecraft:generic.max_health": 1250.0,
            "minecraft:generic.attack_damage": 105.0,
            "minecraft:generic.attack_knockback": 1.5,
            "minecraft:generic.armor": 4.0,
            "minecraft:generic.armor_toughness": 1.0,
            "minecraft:generic.movement_speed": 0.37,
            "minecraft:generic.follow_range": 48.0,
            "minecraft:generic.knockback_resistance": 0.95
        },
        "minecraft:ravager": {
            "minecraft:generic.max_health": 130.0,
            "minecraft:generic.attack_damage": 22.0,
            "minecraft:generic.attack_knockback": 1.5,
            "minecraft:generic.armor": 4.0,
            "minecraft:generic.armor_toughness": 1.0,
            "minecraft:generic.movement_speed": 0.33,
            "minecraft:generic.follow_range": 64.0,
            "minecraft:generic.knockback_resistance": 0.85
        },
        "minecraft:iron_golem": {
            "minecraft:generic.max_health": 145.0,
            "minecraft:generic.attack_damage": 25.0,
            "minecraft:generic.attack_knockback": 1.5,
            "minecraft:generic.armor": 15.0,
            "minecraft:generic.armor_toughness": 1.0,
            "minecraft:generic.movement_speed": 0.27,
            "minecraft:generic.follow_range": 64.0,
            "minecraft:generic.knockback_resistance": 0.95
        },
        "minecraft:snow_golem": {
            "minecraft:generic.max_health": 12.0,
            "minecraft:generic.movement_speed": 0.3,
            "minecraft:generic.follow_range": 64.0
        },
        "minecraft:wither": {
            "minecraft:generic.max_health": 1300.0,
            "minecraft:generic.attack_damage": 22.0,
            "minecraft:generic.attack_knockback": 1.5,
            "minecraft:generic.armor": 1.0,
            "minecraft:generic.armor_toughness": 1.0,
            "minecraft:generic.movement_speed": 0.3,
            "minecraft:generic.follow_range": 64.0,
            "minecraft:generic.knockback_resistance": 1.0
        },
        "minecraft:ender_dragon": {
            "minecraft:generic.max_health": 850.0,
            "minecraft:generic.attack_damage": 22.0,
            "minecraft:generic.attack_knockback": 1.5,
            "minecraft:generic.armor": 10.0,
            "minecraft:generic.armor_toughness": 1.0,
            "minecraft:generic.movement_speed": 0.33,
            "minecraft:generic.follow_range": 64.0,
            "minecraft:generic.knockback_resistance": 1.0
        }
    }
}